Workbook

Sheet Data
A1: DATA DESA SANUR KAJA
A3: I | B3: KONDISI GEOGRAFI DAN IKLIM
B4: Tabel 1.1 Kondisi Geografi dan Iklim di Desa Sanur Kaja
A5: II | B5: KEPENDUDUKAN
B6: Tabel 2.1 Jumlah Keluarga di Desa Sanur Kaja, 2022-2024 (KK)
B7: Tabel 2.2 Jumlah Penduduk Desa Sanur Kaja Menurut Jenis Kelamin, 2022-2024 (jiwa)
B8: Tabel 2.3 Rasio Jenis Kelamin Penduduk Desa Sanur Kaja, 2022-2024
B9: Tabel 2.4 Jumlah Penduduk Desa Sanur Kaja Menurut Dusun dan Jenis Kelamin, 2022-2024
B10: Tabel 2.5 Jumlah Penduduk Desa Sanur Kaja Menurut Agama/Kepercayaan, 2022-2024 (jiwa)
B11: Tabel 2.6 Jumlah Penduduk Desa Sanur Kaja Menurut Kewarganegaraan dan Jenis Kelamin, 2022-2024 (jiwa)
B12: Tabel 2.7 Jumlah Penduduk Desa Sanur Kaja Menurut Pendidikan Tertinggi Yang Ditamatkan, 2022-2024 (jiwa)
B13: Tabel 2.8 Jumlah Penduduk Menurut Pekerjaan di Desa Sanur Kaja, 2022-2024 (jiwa)
B14: Tabel 2.9 Jumlah Penduduk Desa Sanur Kaja Menurut Kelompok Umur, 2022-2024 (jiwa)
A15: III | B15: INFRASTRUKTUR
B16: Tabel 3.1 Jumlah Sarana Pendidikan di Desa Sanur Kaja, 2024 (unit)
B17: Tabel 3.2 Jumlah Sarana Kesehatan di Desa Sanur Kaja, 2024 (unit)
B18: Tabel 3.3 Jumlah Sarana Tempat Ibadah di Desa Sanur Kaja, 2024 (unit)
A19: IV | B19: EKONOMI
B20: Tabel 4.1 Jumlah Sarana Lembaga Ekonomi di Desa Sanur Kaja, 2022-2024 (unit)
B21: Tabel 4.2 Jumlah Keluarga Penerima Jaring Pengaman Sosial (JPS) di Desa Sanur Kaja Menurut Jenisnya, 2022-2024 (KK)
B22: Tabel 4.3 Jumlah Koperasi di Desa Sanur Kaja menurut Jenisnya, 2022-2024 (Unit)
A23: V | B23: PEMERINTAH DESA
B24: Tabel 5.1 Jumlah Perangkat Desa di Desa Sanur Kaja, 2022-2024 (jiwa)
B25: Tabel 5.2 APB Desa Sanur Kaja, 2022-2024 (Rupiah)
B26: Tabel 5.3 Jumlah Produk Hukum di Desa Sanur Kaja, 2022-2024
A27: VI | B27: SDGs

Sheet I. Geografi dan Iklim
A1: =Data!B4 -> Tabel 1.1 Kondisi Geografi dan Iklim di Desa Sanur Kaja
A2: Uraian | B2: Satuan | C2: 2022 | D2: 2023 | E2: 2024
A3: Luas Wilayah | B3: Ha | C3: 269 | D3: 270.4 | E3: 270.4
A4: Ketinggian Tanah | B4: Mdpl | C4: 0-7 | D4: 0-7 | E4: 0-7
A5: Curah Hujan | B5: mm/tahun | C5: 2000 | D5: 2000 | E5: 2000
A6: Suhu Udara Rata-Rata | B6: derajat celcius | C6: 30 | D6: 29 | E6: 29
A7: Sumber: Pemerintah Desa Sanur Kaja

Sheet II. Kependudukan
A1: =Data!B6 -> Tabel 2.1 Jumlah Keluarga di Desa Sanur Kaja, 2022-2024 (KK)
B2: 2022 | C2: 2023 | D2: 2024
A3: Keluarga | B3: 1703 | C3: 1739 | D3: 1741
A4: Sumber: Pemerintah Desa Sanur Kaja
A7: =Data!B7 -> Tabel 2.2 Jumlah Penduduk Desa Sanur Kaja Menurut Jenis Kelamin, 2022-2024 (jiwa)
A8: Jenis Kelamin | B8: 2022 | C8: 2023 | D8: 2024
A9: Laki-Laki | B9: 4201 | C9: 4172 | D9: 4171
A10: Perempuan | B10: 3984 | C10: 3989 | D10: 3977
A11: Jumlah | B11: 8185 | C11: 8161 | D11: 8148
A12: Sumber: Pemerintah Desa Sanur Kaja
A15: =Data!B8 -> Tabel 2.3 Rasio Jenis Kelamin Penduduk Desa Sanur Kaja, 2022-2024
B16: 2022 | C16: 2023 | D16: 2024
A17: Sex Ratio | B17: 105.44 | C17: 104.58 | D17: 104.87
A18: Sumber: Pemerintah Desa Sanur Kaja
A21: =Data!B9 -> Tabel 2.4 Jumlah Penduduk Desa Sanur Kaja Menurut Dusun dan Jenis Kelamin, 2022-2024
A22: Dusun | B22: 2022 | F22: 2023 | J22: 2024
B23: KK | C23: Laki-laki | D23: Perempuan | E23: Total | F23: KK | G23: Laki-laki | H23: Perempuan | I23: Total | J23: KK | K23: Laki-laki | L23: Perempuan | M23: Total
A24: Belong | B24: 359 | C24: 908 | D24: 794 | E24: =SUM(C24:D24) -> 1702 | F24: 367 | G24: 917 | H24: 797 | I24: =SUM(G24:H24) -> 1714 | J24: 361 | K24: 913 | L24: 790 | M24: =SUM(K24:L24) -> 1703
A25: Pekandelan | B25: 392 | C25: 859 | D25: 875 | E25: =SUM(C25:D25) -> 1734 | F25: 410 | G25: 859 | H25: 875 | I25: =SUM(G25:H25) -> 1734 | J25: 416 | K25: 866 | L25: 886 | M25: =SUM(K25:L25) -> 1752
A26: Batanpoh | B26: 228 | C26: 573 | D26: 562 | E26: =SUM(C26:D26) -> 1135 | F26: 231 | G26: 573 | H26: 565 | I26: =SUM(G26:H26) -> 1138 | J26: 236 | K26: 576 | L26: 565 | M26: =SUM(K26:L26) -> 1141
A27: Anggarkasih | B27: 86 | C27: 307 | D27: 267 | E27: =SUM(C27:D27) -> 574 | F27: 87 | G27: 302 | H27: 267 | I27: =SUM(G27:H27) -> 569 | J27: 89 | K27: 304 | L27: 271 | M27: =SUM(K27:L27) -> 575
A28: Buruwan | B28: 209 | C28: 511 | D28: 498 | E28: =SUM(C28:D28) -> 1009 | F28: 212 | G28: 504 | H28: 498 | I28: =SUM(G28:H28) -> 1002 | J28: 209 | K28: 502 | L28: 483 | M28: =SUM(K28:L28) -> 985
A29: Tegal Asah | B29: 211 | C29: 508 | D29: 477 | E29: =SUM(C29:D29) -> 985 | F29: 208 | G29: 503 | H29: 476 | I29: =SUM(G29:H29) -> 979 | J29: 206 | K29: 497 | L29: 469 | M29: =SUM(K29:L29) -> 966
A30: Langon | B30: 159 | C30: 312 | D30: 338 | E30: =SUM(C30:D30) -> 650 | F30: 163 | G30: 291 | H30: 338 | I30: =SUM(G30:H30) -> 629 | J30: 163 | K30: 288 | L30: 336 | M30: =SUM(K30:L30) -> 624
A31: Wirasana | B31: 59 | C31: 223 | D31: 173 | E31: =SUM(C31:D31) -> 396 | F31: 61 | G31: 223 | H31: 173 | I31: =SUM(G31:H31) -> 396 | J31: 61 | K31: 225 | L31: 177 | M31: =SUM(K31:L31) -> 402
A32: Desa Sanur Kaja | B32: =SUM(B24:B31) -> 1703 | C32: =SUM(C24:C31) -> 4201 | D32: =SUM(D24:D31) -> 3984 | E32: =SUM(E24:E31) -> 8185 | F32: =SUM(F24:F31) -> 1739 | G32: =SUM(G24:G31) -> 4172 | H32: =SUM(H24:H31) -> 3989 | I32: =SUM(I24:I31) -> 8161 | ... M32: =SUM(M24:M31) -> 8148
A33: Sumber: Pemerintah Desa Sanur Kaja
A36: =Data!B10 -> Tabel 2.5 Jumlah Penduduk Desa Sanur Kaja Menurut Agama/Kepercayaan, 2022-2024 (jiwa)
A37: Agama | B37: 2022 | E37: 2023 | H37: 2024
B38: Laki-Laki | C38: Perempuan | D38: Total | E38: Laki-Laki | F38: Perempuan | G38: Total | H38: Laki-Laki | I38: Perempuan | J38: Total
A39: Hindu | B39: 2966 | C39: 2863 | D39: 5829 | E39: 2970 | F39: 2868 | G39: 5838 | H39: 2969 | I39: 2856 | J39: 5825
A40: Islam | B40: 989 | C40: 908 | D40: 1897 | E40: 956 | F40: 908 | G40: 1864 | H40: 956 | I40: 908 | J40: 1864
A41: Khatolik | B41: 151 | C41: 133 | D41: 284 | E41: 151 | F41: 133 | G41: 284 | H41: 151 | I41: 133 | J41: 284
A42: Kristen | B42: 81 | C42: 64 | D42: 145 | E42: 81 | F42: 64 | G42: 145 | H42: 81 | I42: 64 | J42: 145
A43: Budha | B43: 12 | C43: 15 | D43: 27 | E43: 12 | F43: 15 | G43: 27 | H43: 12 | I43: 15 | J43: 27
A44: Konghucu | B44: 2 | C44: 1 | D44: 3 | E44: 2 | F44: 1 | G44: 3 | H44: 2 | I44: 1 | J44: 3
A45: Jumlah | B45: =SUM(B39:B44) -> 4201 | C45: =SUM(C39:C44) -> 3984 | D45: 8185 | E45: =SUM(E39:E44) -> 4172 | F45: =SUM(F39:F44) -> 3989 | G45: 8161 | H45: =SUM(H39:H44) -> 4171 | I45: =SUM(I39:I44) -> 3977 | J45: 8148
A46: Sumber: Pemerintah Desa Sanur Kaja
A49: =Data!B11 -> Tabel 2.6 Jumlah Penduduk Desa Sanur Kaja Menurut Kewarganegaraan dan Jenis Kelamin, 2022-2024 (jiwa)
A50: Kelompok Umur | B50: 2022 | D50: 2023 | F50: 2024
B51: Laki-Laki | C51: Perempuan | D51: Laki-Laki | E51: Perempuan | F51: Laki-Laki | G51: Perempuan
A52: Warga Negara Indonesia | B52: 4189 | C52: 3968 | D52: 4160 | E52: 3973 | F52: 4159 | G52: 3961
A53: Warga Negara Asing | B53: 12 | C53: 16 | D53: 12 | E53: 16 | F53: 12 | G53: 16
A54: Jumlah | B54: 4139 | C54: 3775 | D54: 4172 | E54: 3989 | F54: 4171 | G54: 3977
A55: Sumber: Pemerintah Desa Sanur Kaja
A58: =Data!B12 -> Tabel 2.7 Jumlah Penduduk Desa Sanur Kaja Menurut Pendidikan Tertinggi Yang Ditamatkan, 2022-2024 (jiwa) | G58: oke
A59: Pendidikan/Tahun | B59: 2022 | C59: 2023 | D59: 2024
A60: Tamat SD/sederajat | B60: 1016 | C60: 1086 | D60: 1024
A61: Tamat SMP/sederajat | B61: 952 | C61: 961 | D61: 958
A62: Tamat SMA/sederajat | B62: 2607 | C62: 2741 | D62: 2711
A63: Tamat D-1/sederajat | B63: 216 | C63: 224 | D63: 224
A64: Tamat D-2/sederajat | B64: 290 | C64: 298 | D64: 296
A65: Tamat D-3/sederajat | B65: 189 | C65: 194 | D65: 173
A66: Tamat S-1/sederajat | B66: 1085 | C66: 1145 | D66: 1127
A67: Tamat S-2/sederajat | B67: 957 | C67: 972 | D67: 961
A68: Tamat S-3/sederajat | B68: 11 | C68: 20 | D68: 11
A69: Jumlah | B69: =sum(B60:B68) -> 7323 | C69: =sum(C60:C68) -> 7641 | D69: =sum(D60:D68) -> 7485
A70: Sumber: Pemerintah Desa Sanur Kaja
A72: =Data!B13 -> Tabel 2.8 Jumlah Penduduk Menurut Pekerjaan di Desa Sanur Kaja, 2022-2024 (jiwa)
A73: Pekerjaan | B73: 2022 | C73: 2023 | D73: 2024 | E73: Data untuk lainnya ambil dari profil desa
A74: PNS, POLRI, dan TNI | B74: 115 | C74: 115 | D74: 115 | E74: PROFIL DESA 2022 | F74: HAL 45
A75: Buruh | B75: 28 | C75: 25 | D75: 23 | E75: PROFIL DESA 2023 | F75: HAL 31
A76: Petani | B76: 37 | C76: 29 | D76: 37 | E76: PROFIL DESA 2024 | F76: HAL 31
A77: Nelayan | B77: 48 | C77: 48 | D77: 48
A78: Wiraswasta | B78: 597 | C78: 621 | D78: 608
A79: Guru | B79: 53 | C79: 53 | D79: 53
A80: Perangkat Desa | B80: 7 | C80: 7 | D80: 7
A81: Jumlah | B81: 885 | C81: 898 | D81: 891
A82: Sumber: Pemerintah Desa Sanur Kaja
A84: =Data!B14 -> Tabel 2.9 Jumlah Penduduk Desa Sanur Kaja Menurut Kelompok Umur, 2022-2024 (jiwa)
A85: Kelompok Umur | B85: 2022 | D85: 2023 | F85: 2024
B86: Laki-Laki | C86: Perempuan | D86: Laki-Laki | E86: Perempuan | F86: Laki-Laki | G86: Perempuan
A87: 0–4 | B87: 64 | C87: 67 | D87: 60 | E87: 62 | F87: 61 | G87: 63
A88: 5–9 | B88: 123 | C88: 125 | D88: 108 | E88: 108 | F88: 103 | G88: 98
A89: 10–14 | B89: 128 | C89: 157 | D89: 136 | E89: 151 | F89: 125 | G89: 147
A90: 15–19 | B90: 175 | C90: 181 | D90: 147 | E90: 179 | F90: 143 | G90: 165
A91: 20–24 | B91: 231 | C91: 235 | D91: 209 | E91: 222 | F91: 200 | G91: 216
A92: 25–29 | B92: 308 | C92: 277 | D92: 284 | E92: 266 | F92: 270 | G92: 253
A93: 30–34 | B93: 360 | C93: 345 | D93: 349 | E93: 337 | F93: 329 | G93: 330
A94: 35–39 | B94: 388 | C94: 337 | D94: 375 | E94: 346 | F94: 372 | G94: 340
A95: 40–44 | B95: 390 | C95: 349 | D95: 397 | E95: 358 | F95: 394 | G95: 347
A96: 45–49 | B96: 368 | C96: 328 | D96: 361 | E96: 316 | F96: 378 | G96: 331
A97: 50–54 | B97: 336 | C97: 303 | D97: 342 | E97: 310 | F97: 332 | G97: 306
A98: 55–59 | B98: 316 | C98: 287 | D98: 336 | E98: 285 | F98: 351 | G98: 299
... A102: 75+ | B102: 339 | C102: 323 | D102: 350 | E102: 354 | F102: 360 | G102: 359
A103: Jumlah | B103: =sum(B87:B102) -> 4201 | C103: =sum(C87:C102) -> 3984 | D103: =sum(D87:D102) -> 4172 | E103: =sum(E87:E102) -> 3989 | F103: =sum(F87:F102) -> 4171 | G103: =sum(G87:G102) -> 3977
A104: Sumber: Pemerintah Desa Sanur Kaja
A107: Tabel 2.10 Jumlah Keluarga di Desa Sanur Kaja menurut Jenis Kelamin Kepala Keluarga, 2022-2024
A108: Jenis Kelamin Kepala Keluarga | B108: 2022 | C108: 2023 | D108: 2024
A109: Laki-laki | B109: 1692 | C109: 1727 | D109: 1729
A110: Perempuan | B110: 11 | C110: 12 | D110: 12
A111: Jumlah | B111: 1703 | C111: 1739 | D111: 1741
A114: Tabel 2.11 Jumlah Penduduk Desa Sanur Kaja menurut Suku/Etnis
A115: Suku/Etnis | B115: 2022 | D115: 2023 | F115: 2024
B116: Laki-Laki | C116: Perempuan | D116: Laki-Laki | E116: Perempuan | F116: Laki-Laki | G116: Perempuan | I116: Tahun 2024 harusnya jumlah laki-laki 4171, perempuan 3977
A117: Jawa | B117: 981 | C117: 977 | D117: 981 | E117: 977 | F117: 981 | G117: 977
A118: Bali | B118: 1754 | C118: 1436 | D118: 1745 | E118: 1464 | F118: 1745 | G118: 1464
A119: Flores | B119: 7 | C119: 5 | D119: 0 | E119: 0 | F119: ? | G119: ?
A120: China | B120: 13 | C120: 18 | D120: 0 | E120: 0 | F120: ? | G120: ?
A121: Bali Hindu | B121: 1446 | C121: 1548 | D121: 1446 | E121: 1548 | F121: 1446 | G121: 1548
...

Sheet III. Infrastruktur
A1: =Data!B16 -> Tabel 3.1 Jumlah Sarana Pendidikan di Desa Sanur Kaja, 2024 (unit)
A2: Sarana Pendidikan | B2: 2022 | C2: 2023 | D2: 2024
A3: TK | B3: 3 | C3: 3 | D3: 3 | F3: TK Wisma Kumara, Agape dan TK Dewi Kunti
A4: SD | B4: 3 | C4: 3 | D4: 3 | F4: SD N 2 , 6 dan 12 Sanur
A5: SMP | B5: 0 | C5: 0 | D5: 0 | F5: Tidak Ada | G5: di prodeskel 1
A6: SMA | B6: 1 | C6: 1 | D6: 1 | F6: SMA N 6 Sanur
A7: Universitas | B7: 0 | C7: 0 | D7: 0
A8: Sumber: Pemerintah Desa Sanur Kaja
A11: =Data!B17 -> Tabel 3.2 Jumlah Sarana Kesehatan di Desa Sanur Kaja, 2024 (unit)
A12: Sarana Kesehatan | B12: 2022 | C12: 2023 | D12: 2024
A13: Rumah Sakit | B13: 0 | C13: 0 | D13: 1
A14: Puskesmas Pembantu | B14: 1 | C14: 1 | D14: 1
A15: Apotek | B15: 2 | C15: 3 | D15: 4
A16: Posyandu | B16: 8 | C16: 8 | D16: 8
A17: Jumlah Rumah/Kantor Praktik Dokter | B17: 1 | C17: 1 | D17: 1
A18: Sumber: Pemerintah Desa Sanur Kaja
A21: =Data!B18 -> Tabel 3.3 Jumlah Sarana Tempat Ibadah di Desa Sanur Kaja, 2024 (unit)
A22: Sarana Tempat Ibadah | B22: 2022 | C22: 2023 | D22: 2024
A23: Pura | B23: 5 | C23: 5 | D23: 5
A24: Masjid | B24: 1 | C24: 1 | D24: 1
A25: Gereja | B25: 1 | C25: 1 | D25: 1
A26: Vihara | B26: 0 | C26: 0 | D26: 0
A27: Sumber: Pemerintah Desa Sanur Kaja

Sheet IV. Ekonomi
A1: =Data!B20 -> Tabel 4.1 Jumlah Sarana Lembaga Ekonomi di Desa Sanur Kaja, 2022-2024 (unit)
A2: Lembaga Ekonomi | B2: 2022 | C2: 2023 | D2: 2024
A3: Bumdes | B3: 1 | C3: 1 | D3: 1
A4: Lembaga Keuangan Non Bank | B4: 12 | C4: 12 | D4: 12
A5: Bank Pemerintah | B5: 2 | C5: 2 | D5: 2
A6: Bank Swasta | B6: 2 | C6: 1 | D6: 1
A7: Bank Pemerintah Daerah | B7: 1 | C7: 1 | D7: 1
A8: Sumber: Pemerintah Desa Sanur Kaja
A11: =Data!B21 -> Tabel 4.2 Jumlah Keluarga Penerima Jaring Pengaman Sosial (JPS) di Desa Sanur Kaja Menurut Jenisnya, 2022-2024 (KK)
A12: Jaring Pengaman Sosial | B12: 2022 | C12: 2023 | D12: 2024
A13: BLT Desa | B13: 118 | C13: 27 | D13: 10
A14: BPNT | B14: 28 | C14: 28 | D14: 18
A15: PKH | B15: 28 | C15: 28 | D15: 18
A16: PIP | B16: 0 | C16: 0 | D16: 0
A17: Sumber: Pemerintah Desa Sanur Kaja
A20: =Data!B22 -> Tabel 4.3 Jumlah Koperasi di Desa Sanur Kaja menurut Jenisnya, 2022-2024 (Unit)
B21: 2022 | C21: 2023 | D21: 2024
A22: Koperasi Unit Desa | B22: 1 | C22: 1 | D22: 1
A23: Koperasi Simpan Pinjam | B23: 8 | C23: 8 | D23: 8
A24: Sumber: Pemerintah Desa Sanur Kaja

Sheet V. Pemerintah Desa
A1: =Data!B24 -> Tabel 5.1 Jumlah Perangkat Desa di Desa Sanur Kaja, 2022-2024 (jiwa)
A2: Perangkat Desa | B2: 2022 | C2: 2023 | D2: 2024
A3: Perbekel | B3: 1 | C3: 1 | D3: 1
A4: Sekretaris Desa | B4: 1 | C4: 1 | D4: 1
A5: Kasi | B5: 3 | C5: 3 | D5: 3
A6: Kaur | B6: 3 | C6: 3 | D6: 3
A7: Pelaksana Kewilayahan | B7: 8 | C7: 8 | D7: 8
A8: Sumber: Pemerintah Desa Sanur Kaja
A11: =Data!B25 -> Tabel 5.2 APB Desa Sanur Kaja, 2022-2024 (Rupiah)
B12: 2022 | C12: 2023 | D12: 2024
A13: Pendapatan Desa | B13: 5.274621e+09 | C13: 8.2324924e+09 | D13: 9.116719e+09
A14: Belanja Desa | F14: APB Desa Sanur Kaja 2022 - 2024
A15: Bidang I Pemerintahan Desa | B15: 2.9227823e+09 | C15: 2982284660 | D15: 1.0446586e+10
A16: Bidang II Pembangunan Desa | B16: 2.0343553e+09 | C16: 1317362100 | D16: 1379762500
A17: Bidang III Pembinaan Kemasyarakatan Desa | B17: 9.6796395e+08 | C17: 1.085258e+09 | D17: 1.3996878e+09
A18: Bidang IV Pemberdayaan Kemasyarakatan Desa | B18: 1.7756579e+08 | C18: 109339200 | D18: 216407000
A19: Bidang V Belanja Tak Terduga | B19: 3.1631977e+08 | C19: 1.0152655e+08 | D19: 37898157
A20: Total Belanja | B20: =sum(B15+B16+B17+B18+B19) -> 6418987097 | C20: =sum(C15+C16+C17+C18+C19) -> 5595770470 | D20: =sum(D15+D16+D17+D18+D19) -> 13480341540
A21: Sumber: Pemerintah Desa Sanur Kaja
A24: =Data!B26 -> Tabel 5.3 Jumlah Produk Hukum di Desa Sanur Kaja, 2022-2024
A25: Produk Hukum | B25: 2022 | C25: 2023 | D25: 2024
A26: Peraturan Desa | B26: 15 | C26: 7 | D26: 7
A27: Peraturan Perbekel | B27: 16 | C27: 7 | D27: 5
A28: Surat Keputusan Perbekel | B28: 111 | C28: 100 | D28: 106
A29: Sumber: Pemerintah Desa Sanur Kaja

Sheet VI. Kesehatan
A1: Tabel VI. Jenis Penyakit dan Jumlah Penderita di Desa Sanur Kaja Tahun 2024
A3: No | B3: Jenis Penyakit | C3: Jumlah Penderita | D3: Di Rawat di
A4: 1 | B4: Hipertensi | C4: 360 | D4: 0
A5: 2 | B5: Diabetes Militus | C5: 216 | D5: 0
A6: 3 | B6: Gangguan Pencernaan (dyspepsia) | C6: 108 | D6: 0
A7: 4 | B7: Persendian (myalgia) | C7: 82 | D7: 0
A8: 5 | B8: Commond Cold (Batuk Pilek) | C8: 252 | D8: 0
A9: 6 | B9: Demam Berdarah | C9: 16 | D9: 16
A10: 7 | B10: Diare | C10: 36 | D10: 0
A11: 8 | B11: Gangguan Jiwa | C11: 6 | D11: 1
A12: 9 | B12: Struk | C12: 48 | D12: 0
A13: 10 | B13: Gangguan Jantung | C13: 48 | D13: 0

Sheet SDGs Desa

Sheet Daftar Data full
A2: No | B2: Data Prodeskel (Perkembangan Desa) | C2: Data yang tersedia | D2: Data series tersedia
B3: Perkembangan penduduk
A4: 1 | B4: Jumlah penduduk | D4: TRUE
B5: Jumlah penduduk menurut jenis kelamin | D5: TRUE
A6: 2 | B6: Jumlah keluarga (2021 - 2022) | C6: 2023 | D6: FALSE
B7: Ekonomi Masyarakat
A8: 3 | B8: Pengangguran (2021 - 2023) | C8: 2021 | D8: FALSE
A9: 4 | B9: Kesejahteraan keluarga (2021 - 2023) | D9: FALSE
A10: 5 | B10: Produk domestik desa/kelurahan bruto (2021 - 2023) | D10: FALSE
B11: Sektor pertambangan dan galian | D11: FALSE
B12: Subsektor kerajinan | D12: FALSE
B13: Sektor industri pengolahan | D13: FALSE
B14: Subsektor kehutanan | D14: FALSE
B15: Sektor perdagangan, hotel, dan restoran | D15: FALSE
B16: Sektor bangunan/konstruksi | D16: FALSE
B17: Sektor keuangan - jasa perusahaan | D17: FALSE
B18: Sektor jasa-jasa | D18: FALSE
B19: Sektor angkutan dan komunikasi | D19: FALSE
B20: Sektor listrik, gas, dan air minum | D20: FALSE
B21: Pendapatan perkapita
A22: 6 | B22: Pendapatan perkapita menurut sektor usaha (2021 - 2023) | D22: FALSE
A23: 7 | B23: Pendapatan rill keluarga (2021 - 2023) | C23: 2023 | D23: FALSE
A24: 8 | B24: Struktur mata pencaharian menurut sektor (2021 - 2023) | D24: FALSE
B25: Sektor pertanian | D25: FALSE
B26: Sektor perkebunan | D26: FALSE
B27: Sektor peternakan | D27: FALSE
B28: Sektor perikanan | D28: FALSE
B29: Sektor kehutanan | D29: FALSE
B30: Sektor pertambangan dan galian | D30: FALSE
B31: Sektor perdagangan, hotel, dan restoran | D31: FALSE
B32: Sektor industri kecil dan kerajinan RT | D32: FALSE
B33: Sektor industri menengah dan besar | D33: FALSE
B34: Sektor jasa | D34: FALSE
B35: Penguasaan aset ekonomi masyarakat
A36: 9 | B36: A. Aset tanah (2021 - 2022) | C36: 2023 | D36: FALSE
A37: 10 | B37: B. Aset sarana transportasi umum (2021 - 2023) | D37: FALSE
A38: 11 | B38: C. Aset sarana produksi (2021 - 2023) | D38: FALSE
A39: 12 | B39: D. Aset perumahan (2021 - 2022) | C39: 2023 | D39: FALSE
B40: Rumah menurut dinding | D40: FALSE
B41: Rumah menurut atap | D41: FALSE
B42: Rumah menurut lantai | D42: FALSE
A43: 13 | B43: E. Pemilikan aset ekonomi lainnya (2021 - 2023) | D43: FALSE
B44: Pendidikan masyarakat
A45: 14 | B45: A. Tingkat pendidikan penduduk (2021 - 2023) | D45: FALSE
A46: 15 | B46: B. Wajib belajar 9 tahun (2021 - 2022) | C46: 2023 | D46: FALSE
A47: 16 | B47: C. Rasio guru dan murid (2021 - 2023) | D47: FALSE
A48: 17 | B48: D. Kelembagaan pendidikan masyarakat (2021 - 2022) | C48: 2023 | D48: FALSE
B49: Kesehatan masyarakat
A50: 18 | B50: A. Kualitas ibu hamil (2021 - 2023) | D50: FALSE
A51: 19 | B51: B. Kualitas bayi (2021 - 2023) | D51: FALSE
A52: 20 | B52: C. Kualitas persalinan (2021 - 2022) | C52: 2023
A53: 21 | B53: D. Cakupan imunisasi (2021 - 2023) | D53: FALSE
A54: 22 | B54: E. Perkembangan pasangan usia subur dan kb (2021 - 2023) | D54: FALSE
A55: 23 | B55: F. Wabah penyakit | D55: FALSE
A56: 24 | B56: G. Angka harapan hidup (2021 - 2023) | D56: FALSE
A57: 25 | B57: H. Cakupan pemenuhan kebutuhan air bersih (2021 - 2023) | D57: FALSE
A58: 26 | B58: I. Perilaku hidup bersih dan sehat (2021 - 2023) | D58: FALSE
A59: 27 | B59: J. Status gizi balita (2021 - 2023) | D59: FALSE
A60: 28 | B60: K. Jumlah penderita sakit tahun ini (2021 - 2023) | D60: FALSE
A61: 29 | B61: L. Perkembangan sarana dan prasarana kesehatan masyarakat (2021 - 2023) | D61: FALSE
A62: 30 | B62: Keamanan dan ketertiban (2021 - 2023) | D62: FALSE
A63: 31 | B63: Kedaulatan politik masyarakat (2021 - 2023) | D63: FALSE
B64: Lembaga kemasyarakatan | D64: FALSE
A65: 32 | B65: A. Lembaga kemasyarakatan desa/kelurahan | D65: FALSE
A66: 33 | B66: B. Organisasi anggota lembaga kemasyarakatan (2021 - 2023) | D66: FALSE
B67: Pemerintahan desa dan kelurahan | D67: FALSE
A68: 34 | B68: A. APB-Desa dan anggaran kelurahan | D68: FALSE
A69: 35 | B69: B. Pertanggungjawaban kepala desa/lurah | D69: FALSE
A70: 36 | B70: C. Prasarana dan administrasi pemerintahan desa/kelurahan pemerintah desa/kelurahan (2021 - 2023) | D70: FALSE
A71: 37 | B71: D. Pembinaan dan pengawasan (2021 - 2023)
B72: Pembinaan pemerintah pusat | D72: FALSE
B73: Pembinaan pemerintah provinsi | D73: FALSE
B74: Pembinaan pemerintah kabupaten/kota | D74: FALSE
B75: Pembinaan dan pengawasan camat | D75: FALSE
D76: FALSE
B77: Data di luar perkembangan desa prodeskel
B78: Jumlah penduduk menurut status perkawinan (2021 - 2023) | D78: FALSE
B79: Jumlah penduduk desa menurut dusun (2021 - 2023) | D79: FALSE
B80: Jumlah penduduk menurut Agama/aliran kepercayaan (2021 - 2023) | C80: 2023 | D80: FALSE
B81: Jumlah penduduk menurut jenis pekerjaan (2021 - 2023) | C81: 2023 | D81: FALSE
B82: Jumlah produk hukum di dangin puri kangin -> perdes, perkel, surat keputusan (2021 - 2023) | D82: FALSE
B83: Luas daerah menurut dusun/lingkungan (Ha) | D83: FALSE
B84: Jumlah keluarga penerima jaring pengaman sosial (JPS) menurut jenisnya -> BLT desa, BPNT, BST, PKH (2021 - 2023) | D84: FALSE
B85: Pendapatan asli desa (PAD) (rupiah) | D85: TRUE
B86: SDGs | D86: FALSE
B89: data yang tersedia dalam KCA
B90: jumlah hotel, penginapan
B91: prasarana dan sarana transportasi antar desa
B92: keberadaan kantor pos, pos keliling, perusahaan ekspedisi swasta
B93: jumlah menara telepon seluler dan operator layanan komunnikasi telepon seluler
B94: kekuatan dan jenis sinyal internet telepon seluler
B95: banyaknya sarana lembaga keuangan bank
B96: banyaknya koperasi aktif
B97: banyaknya sarana perdagangan (pertokoan, pasar, minimarket, restoran)

Sheet Pembagian
J1: Data:
A2: No | B2: Data | D2: Sumber Data | F2: Pembagian | G2: Data series tersedia | H2: Selesai | J2: Data perkembangan desa | K2: https://docs.google.com/spreadsheets/d/1-pw_upsAFcIibg27UsIzUula599rO1Zcim8fNpq8IU8/edit?usp=sharing
B3: Apakah tersedia data-data dibawah ini? | J3: Data Potensi Desa | K3: https://docs.google.com/spreadsheets/d/1eqhsHZovBwD9LPcTI8cxCpLWRGWT0bVBFsWEw22UVPc/edit?usp=sharing
B4: Perkembangan penduduk
A5: 1 | B5: Jumlah penduduk | C5: Ya | D5: Perkembangan Desa | E5: I.A | F5: Adit | G5: FALSE | H5: FALSE | J5: 1 | K5: Judul tabel | L5: Seperti aturan tabel dinamis BPS
B6: Jumlah penduduk | D6: Potensi Desa | E6: II.A | G6: TRUE | H6: FALSE
A7: 2 | B7: Jumlah keluarga | C7: Ya | D7: Perkembangan Desa | E7: I.B | F7: Adit | G7: FALSE | H7: FALSE | J7: 2 | K7: Tabel | L7: https://docs.google.com/spreadsheets/d/1FstSp4Q4hYv-02mWMDDSDCctgRlFZmLgk7AEvpsmxgc/edit?hl=id&gid=757615016#gid=757615016
B8: Jumlah kepala keluarga | D8: Potensi Desa | E8: II.A | G8: TRUE | H8: FALSE
A9: 3 | B9: Jumlah penduduk menurut jenis kelamin | D9: Potensi Desa | E9: II.A | F9: Adit | G9: TRUE | H9: FALSE | J9: 3 | K9: Sumber
B10: Jumlah penduduk menurut jenis kelamin | D10: KCA (kemendagri) | E10: 3.1 | G10: FALSE | H10: FALSE
B11: Jumlah penduduk menurut usia (2022 - 2023) | D11: Potensi Desa | E11: II.B | F11: Adit | G11: TRUE | H11: FALSE
A12: 4 | B12: Kepadatan penduduk | D12: Potensi Desa | E12: II.A | F12: Adit | G12: TRUE | H12: FALSE
B13: Kepadatan penduduk | D13: KCA (kemendagri) | E13: 3.1 | G13: FALSE | H13: FALSE
B14: Ekonomi Masyarakat
A15: 5 | B15: Pengangguran | C15: Ya | D15: Perkembangan Desa | E15: II.A | F15: Adit | G15: FALSE | H15: FALSE
A16: 6 | B16: Kesejahteraan keluarga | D16: Perkembangan Desa | E16: II.B | F16: Adit | G16: FALSE | H16: FALSE
A17: 7 | B17: Tenaga kerja | D17: Potensi Desa | E17: II.I | F17: Mb Ria | G17: FALSE | H17: FALSE
A18: 8 | B18: Kualitas angkatan kerja | D18: Potensi Desa | E18: II.J | F18: Mb Ria | G18: FALSE | H18: FALSE
B19: Pemerintahan desa dan kelurahan
A20: 9 | B20: A. APB-Desa dan anggaran kelurahan | D20: Perkembangan Desa | E20: XIII.A | F20: Mb Ria | G20: FALSE | H20: FALSE
A21: 10 | B21: C. Prasarana dan administrasi pemerintahan desa/kelurahan pemerintah desa/kelurahan | D21: Perkembangan Desa | E21: XIII.C | F21: Mb Ria | G21: FALSE | H21: FALSE
A22: 11 | B22: D. Pembinaan dan pengawasan | D22: Perkembangan Desa | E22: XIII.D | F22: Mb Ria | G22: FALSE | H22: FALSE
B23: Agama
A24: 12 | B24: Agama/aliran kepercayaan (2022 - 2023) | D24: Potensi Desa | E24: II.E | F24: Mb Ria | G24: TRUE | H24: FALSE
B25: Pendapatan perkapita
A26: 13 | B26: Pendapatan rill keluarga | D26: Perkembangan Desa | E26: IV.B | F26: Kak edy | G26: FALSE | H26: FALSE
A27: 14 | B27: Struktur mata pencaharian menurut sektor | D27: Perkembangan Desa | E27: V | F27: Kak edy | G27: FALSE | H27: FALSE
A28: 15 | B28: Mata pencaharian pokok (2022 - 2023) | D28: Potensi Desa | E28: II.D | F28: Kak edy | G28: TRUE | H28: FALSE
B29: Penguasaan aset ekonomi masyarakat
A30: 16 | B30: A. Aset tanah | D30: Perkembangan Desa | E30: VI.A | F30: Kak edy | G30: FALSE | H30: FALSE
A31: 17 | B31: D. Aset perumahan | D31: Perkembangan Desa | E31: VI.D | F31: Kak edy | G31: FALSE | H31: FALSE
A32: 18 | B32: E. Pemilikan aset ekonomi lainnya | D32: Perkembangan Desa | E32: VII | F32: Kak edy | G32: FALSE | H32: FALSE
B33: Pendidikan masyarakat
A34: 19 | B34: A. Tingkat pendidikan penduduk | D34: Perkembangan Desa | E34: VIII.A | F34: Mbak Tia | G34: FALSE | H34: FALSE
A35: 20 | B35: B. Wajib belajar 9 tahun | D35: Perkembangan Desa | E35: VIII.B | F35: Mbak Tia | G35: FALSE | H35: FALSE
A36: 21 | B36: C. Rasio guru dan murid | D36: Perkembangan Desa | E36: VIII.C | F36: Mbak Tia | G36: FALSE | H36: FALSE
A37: 22 | B37: D. Kelembagaan pendidikan masyarakat | D37: Perkembangan Desa | E37: VIII.D | F37: Mbak Tia | G37: FALSE | H37: FALSE
A38: 23 | B38: Pendidikan menurut jenis kelamin (2022 - 2023) | D38: Potensi Desa | E38: II.C | F38: Mbak Tia | G38: TRUE | H38: FALSE
A39: 24 | B39: Lembaga pendidikan (2021 - 2022) | D39: Potensi Desa | E39: III.E | F39: Mbak Tia | G39: TRUE | H39: FALSE
B40: Kesehatan masyarakat
A41: 25 | B41: A. Kualitas ibu hamil | D41: Perkembangan Desa | E41: IX.A | F41: Mb Novel | G41: FALSE | H41: FALSE
A42: 26 | B42: B. Kualitas bayi | D42: Perkembangan Desa | E42: IX.B | F42: Mb Novel | G42: FALSE | H42: FALSE
A43: 27 | B43: C. Kualitas persalinan | D43: Perkembangan Desa | E43: IX.C | F43: Mb Novel | G43: FALSE | H43: FALSE
A44: 28 | B44: D. Cakupan imunisasi | D44: Perkembangan Desa | E44: IX.D | F44: Mb Novel | G44: FALSE | H44: FALSE
A45: 29 | B45: E. Perkembangan pasangan usia subur dan kb | D45: Perkembangan Desa | E45: IX.E | F45: Mb Novel | G45: FALSE | H45: FALSE
A46: 30 | B46: G. Angka harapan hidup | D46: Perkembangan Desa | E46: IX.G | F46: Mb Novel | G46: FALSE | H46: FALSE
A47: 31 | B47: H. Cakupan pemenuhan kebutuhan air bersih | D47: Perkembangan Desa | E47: IX.H | F47: Zahra | G47: FALSE | H47: FALSE
B48: Prasarana air bersih dan sanitasi | D48: Potensi Desa | E48: IV.C
A49: 32 | B49: I. Perilaku hidup bersih dan sehat | D49: Perkembangan Desa | E49: IX.I | F49: Zahra | G49: FALSE | H49: FALSE
A50: 33 | B50: J. Status gizi balita | D50: Perkembangan Desa | E50: IX.J | F50: Zahra | G50: FALSE | H50: FALSE
A51: 34 | B51: L. Perkembangan sarana dan prasarana kesehatan masyarakat | D51: Perkembangan Desa | E51: IX.L | F51: Zahra | G51: FALSE | H51: FALSE
A52: 35 | B52: Keamanan dan ketertiban | D52: Perkembangan Desa | E52: X | F52: Zahra | G52: FALSE | H52: FALSE
A53: 36 | B53: Kedaulatan politik masyarakat | D53: Perkembangan Desa | E53: XI | F53: Zahra | G53: FALSE | H53: FALSE
B54: Tingkat partisipasi politik | D54: Potensi Desa | E54: III.C
B60: Opsi data yang bisa ditampilkan dalam website
B61: Jumlah penduduk menurut status perkawinan
B62: Jumlah penduduk desa menurut dusun
B63: Jumlah produk hukum di dangin puri kangin -> perdes, perkel, surat keputusan
B64: Luas daerah menurut dusun/lingkungan (Ha)
B65: APBDesa Dangin Puri Kangin (rupiah)
B66: Jumlah keluarga penerima jaring pengaman sosial (JPS) menurut jenisnya -> BLT desa, BPNT, BST, PKH
B67: Pendapatan asli desa (PAD) (rupiah)
B68: SDGs
B71: data yang tersedia dalam KCA
B72: jumlah hotel, penginapan
B73: prasarana dan sarana transportasi antar desa
... B79: banyaknya sarana perdagangan (pertokoan, pasar, minimarket, restoran)
